thumb 1-2,thumb 2-3,thumb 3-4,thumb_fore 4-5,fore 5-6,fore 6-7,fore 7-8,fore_middle 8-9,middle 9-10,middle 10-11,middle 11-12,middle_ring 12-13,ring 13 -14,ring 14-15,ring 15-16,ring_pinky 16-17,pinky 17-18,pinky 18-19,pinky 19-20,gesture
1.2535300472730706,1.3125441069838577,1.5469913006098266,1.4194208830608703,0.746456820300409,0.8652281491096857,0.9917220574271659,0.8870870151605253,0.3514447940035517,1.333947565847976,0.19739555984988078,0.48251329502247686,0.44394572508799723,0.9197196053504169,0.17985349979247828,0.4228539261329407,0.43335384908203106,0.8224182792713784,0.3058788714048521,point_gun
1.0282170026689061,1.1839206090638685,1.3854483767992019,1.382574821490126,0.5358112379604637,0.6510767214444798,0.6202494859828216,0.7419472680059174,0.36314700994617627,1.0636978224025595,0.17219081452293902,0.41965086213510383,0.4403959861903432,0.5693131911006619,0.1831108172624841,0.3556358843007598,0.43424432079680103,0.482513295022477,0.24497866312686417,point_gun
1.000213563799107,1.1705556697609223,1.4317003853128254,1.4094212163742048,0.519146114246523,0.30970294454245617,0.04995839572194276,0.569631966990406,0.37690927032482097,0.8379812250083901,0.03844259002118798,0.30587887140485215,0.42040535120274286,0.3868757177310281,0.3217505543966422,0.029403288204005115,0.4084888930726273,0.29544083714372005,0.30970294454245617,point_gun
0.9459100888793075,1.1396575860761144,1.4670039863378534,1.3457580403022915,0.39060704369768684,0.2551823906208184,0.06241880999595735,0.5257685339891908,0.36717383381821916,0.8408966686431653,0.043450895391530846,0.24925214138521365,0.39906094857613383,0.4145068745847859,0.30970294454245617,0.029403288204005115,0.3701708278422166,0.36397895650964407,0.348771003583907,point_gun
0.9186249150378268,1.1525719972156676,1.4164775508687768,1.3258176636680328,0.26836621090590684,0.2551823906208184,0.6202494859828216,0.27032534637866645,0.3805063771123649,0.7188299996216244,0.09495170634275632,0.15865526218640139,0.38931672183314087,0.3455555805817121,0.28379410920832787,0.13255153229667402,0.31249155973451914,0.29145679447786704,0.2662520491509254,point_gun
0.8870870151605253,1.1341691669813554,1.4352686128093954,1.3886280163221336,0.21608497229678644,0.034469100999508014,0.17219081452293902,0.3068262894065572,0.4339533693938966,0.519146114246523,0.3080527810237764,0.1131509815904845,0.42066334913303494,0.21866894587394195,0.372987721800061,0.24497866312686414,0.317055753209147,0.19739555984988078,0.29145679447786704,point_gun
0.8850668158886105,1.0982993912778327,1.3909428270024182,1.3921653202809474,0.13863973713415806,0.06241880999595735,0.03844259002118798,0.3300606124094342,0.4160645057238227,0.5280744484263598,0.22679884805388587,0.15264932839526515,0.42066334913303494,0.28805544705062586,0.30970294454245617,0.30970294454245617,0.2802996563384511,0.2782996590051114,0.23374318086890145,point_gun
0.9380474917927133,1.1938870564700754,1.356735643231075,1.507589494897437,0.12697278961407893,0.09966865249116202,0.08314123188844123,0.3608367830330907,0.41299971672069413,0.6747409422235527,0.24497866312686417,0.20963984587421253,0.4324077755705379,0.3868757177310281,0.3805063771123649,0.1418970546041639,0.3450021772071051,0.29544083714372005,0.29544083714372005,point_gun
0.8507256330208,1.0729739941778955,1.5070530142622105,1.304544277643971,0.05762842747747396,0.05875582271572269,0.03844259002118798,0.30337991783948065,0.36717383381821916,0.5667292175235062,0.1707352114752828,0.047583103276983396,0.3720677588581205,0.3320594675428855,0.3217505543966422,0.3217505543966422,0.3217505543966422,0.28379410920832787,0.33473683731681464,point_gun
0.8693127903366398,1.1330050231533504,1.3775848429470903,1.3886280163221336,0.08145204430587098,0.12832322768579477,0.12435499454676145,0.36778846189079295,0.3895477220600323,0.6805212246672144,0.1831108172624841,0.1618374312384229,0.39479111969976155,0.3743336160075839,0.3320594675428855,0.26916749278570046,0.3302973548292537,0.2662520491509254,0.30970294454245617,point_gun
0.9429597329831073,1.197069506829343,1.3455195475808412,1.3940874707248596,0.25615138256560344,0.3455555805817121,0.33473683731681464,0.5434775947130435,0.3678716704111534,0.6747409422235527,0.12435499454676145,0.1831108172624841,0.3805063771123649,0.31099828060554097,0.2536740961386427,0.15991312315821926,0.3439691197233613,0.223476601140633,0.28379410920832787,point_gun
1.0010398733119183,1.2204821145594944,1.3499675570655483,1.3663751214177497,0.3217505543966422,0.5585993153435626,0.6659692373791098,0.6797325812975926,0.3805063771123649,0.812418612584713,0.17219081452293902,0.23297923907710288,0.388318718172466,0.4145068745847859,0.31099828060554097,0.02702044918726479,0.3997810982427968,0.24497866312686414,0.3805063771123649,point_gun
1.085174233497428,1.355980926393238,1.3854483767992019,1.368771170391304,0.02856365783875999,1.2924966677897853,1.2490457723982544,1.0303768265243125,0.4593372908669921,0.8139618212362083,0.29544083714372005,0.2760970193954365,0.4309489874003765,0.5467888408892474,0.24497866312686414,0.17324566645236494,0.4048917862850834,0.4228539261329407,0.23554498072086333,point_gun
1.5246752107803854,1.2706251559647848,1.2793395323170293,1.46278460209485,1.18018928309721,0.6947382761967033,0.5317240672588055,1.5102643070127886,0.5312734138418143,1.1441688336680205,0.35877067027057225,0.06807645825799948,0.4873585795051903,0.9380474917927133,0.3058788714048521,0.18889718087762267,0.42758078168462654,0.9097531579442097,0.2662520491509254,point_gun
1.519992622736673,1.3315647268312365,1.3382393849899876,1.2906883514968432,1.1583858851975095,0.5619215622568153,0.4636476090008061,1.376110787410947,0.5539525086410277,1.1071487177940904,0.5743048301747017,0.09065988720074511,0.47545808345512125,0.956133374872731,0.507098504392337,0.3086508670768652,0.35877067027057225,1.2490457723982544,0.4844779290370232,point_gun
1.495183183558066,1.2422431562434455,1.3734007669450161,1.4200499456744746,0.7583777142101836,0.46364760900080615,0.39234014421551583,1.165904540509813,0.5434775947130435,0.896055384571344,0.628796286415433,0.02911798150703887,0.4920952171708286,1.042721878368537,0.4636476090008061,0.1845427971906145,0.42066334913303494,1.352127380920955,0.3805063771123649,point_gun
1.5565115842074926,1.26274354577112,1.3460851583802542,1.2874883624194424,0.7419472680059174,0.4012287990048488,0.3320594675428855,1.124690777851493,0.5785242144177053,1.3439974787410107,0.7853981633974484,0.09347678115858947,0.5374433185817574,1.0838970949836277,0.6327488350021832,0.2229002323283758,0.47385133649476036,1.2924966677897853,0.5633162614919681,point_gun
1.5102643070127886,1.2277723863741932,1.2090670852749645,1.356203445303673,0.5260664189967635,0.3556358843007598,0.20902294280626463,0.9248382204887861,0.5674399494578489,0.27094685033842053,1.2490457723982544,0.024994793618920156,0.5088842167799742,1.190289949682532,1.2036224929766772,0.19342732671084736,0.4636476090008061,0.9272952180016123,0.9994588469612699,point_gun
1.5273454314033663,1.2145766713987467,1.2742505177251962,1.3920032719919755,0.507098504392337,0.3392926144540447,0.22208190190548016,1.005094858138719,0.5028432109278609,1.4801364395941516,0.7853981633974484,0.1571102653469605,0.45967937586177277,1.199905037982234,0.6747409422235527,0.310168060787986,0.39123557912717416,1.4940244355251175,0.5880026035475674,point_gun
1.3357841110742397,1.18018928309721,1.0303768265243125,1.4347989087575133,0.047583103276983396,0.7853981633974482,0.3217505543966422,0.9973558006400675,0.31137030439790186,0.8621700546672263,0.482513295022477,0.5358112379604637,0.24745390559647817,0.6107259643892086,0.519146114246523,0.6235607321590254,0.25132778416084034,1.352127380920955,0.6146629519221655,point_gun
1.4585935117976434,1.2422431562434455,1.1071487177940904,1.5371012194488811,0.16910122600137703,1.4801364395941516,0.4636476090008061,0.42520501897961815,0.3080527810237764,0.17219081452293902,0.3028848683749714,0.40697078536877124,0.2819987790007942,0.3217505543966422,0.2782996590051114,0.478913598547586,0.19043511541355415,0.4899573262537283,0.18998828791871572,point_gun
1.3935709418451772,1.1777383076129642,1.1180178549713606,1.5395564933646282,0.15264932839526515,0.6107259643892086,0.043450895391530846,0.8176450458327023,0.30587887140485215,0.21109333322274654,0.3058788714048521,0.4783524313786575,0.26171350240120506,0.3217505543966422,0.3302973548292537,0.7105383156866815,0.18394345653717514,0.507098504392337,0.2914567944778671,point_gun
1.509335370912132,1.3408918986629919,1.1420182993488803,1.5499660067586793,0.11379200714370807,0.4636476090008061,0.11065722117389563,0.9097531579442097,0.3279233155014232,0.2551823906208184,0.3514447940035517,0.48017502960352687,0.2741674511196588,0.24497866312686417,0.3217505543966422,0.6393859056861729,0.21729343092302114,0.43662715981354133,0.3217505543966422,point_gun
1.3787483095541664,1.4343937223939485,1.1777383076129642,1.4263547484202526,0.024385409172718538,1.2490457723982544,0.08314123188844123,0.6397697828266257,0.3520443143154173,0.07677189126977803,0.47951929199259613,0.30739747312282156,0.2877079835482783,0.4124104415973874,0.42141920688780415,0.5191461142465229,0.22503828649260516,0.5713374798336267,0.38050637711236496,point_gun
1.414194449812882,1.4121410646084946,1.1571071135160333,1.4443558295365073,0.05258306161094172,0.6435011087932844,0.6055446636049701,0.8884797719201486,0.3664967858512578,0.8288490587889792,0.65788860518221,0.44660380500580865,0.29780303747443454,0.8478169733934057,0.5619215622568153,0.6635557263775311,0.19968388537510157,0.7853981633974482,0.47646741947370663,point_gun
1.315613936174078,1.2490457723982547,0.7853981633974484,0.2935889874087498,1.124690777851493,1.2490457723982544,1.1525719972156678,0.7590884461445261,0.3479836021718338,1.2490457723982544,0.35877067027057225,0.12697278961407893,0.3358341302195024,0.4993467216801301,0.3805063771123649,0.348771003583907,0.23684876094692026,0.9505468408120752,0.4636476090008061,point_gun
1.4288992721907323,1.3854483767992019,1.1263771168937975,1.408307217577693,0.4453010438876859,0.16514867741462685,0.4124104415973874,0.5830765350191446,0.42322845795063435,1.2998494764564759,0.6805212246672144,0.35756585157643095,0.2771607073335894,0.9707461133931431,0.46364760900080615,0.581082298797327,0.13111164848254667,1.190289949682532,0.4241944079037666,point_gun
1.376555330613493,1.4016951007935192,1.2986504362637095,1.4132347572092376,0.973239873809732,0.029403288204005115,1.3258176636680328,0.02777063659342104,0.6864853686610556,0.6510767214444798,1.2649174553900444,0.27970415246363095,0.4839493878600245,0.9707461133931431,1.0303768265243123,0.4839493878600245,0.2802996563384511,0.8176450458327023,1.2793395323170293,point_gun
1.3415643935179011,1.2924966677897853,1.1777383076129642,1.4758446204521396,0.5532943253222926,0.9629943306809361,0.9994588469612699,0.15264932839526515,0.4955516734858285,0.3217505543966422,0.9453112865556675,0.3386980842030471,0.38274350984557554,0.6327488350021832,0.7853981633974484,0.4158117890246285,0.28693875293076954,0.5763752205911836,1.5042281630190724,point_gun
1.3539227111284884,1.2490457723982544,1.0969449903001363,1.498756261408069,0.43240777557053783,0.9075933340888034,1.3654009376051295,0.27666833908189503,0.4746968830801749,0.19739555984988075,1.1309537439791606,0.3006056700423954,0.3734971461064775,0.482513295022477,0.9151007005533602,0.3764903344465229,0.29611514587496474,0.47951929199259613,1.3734007669450157,point_gun
1.4243121484013357,1.241171919374154,1.1071487177940904,1.5505970542138292,0.34097895349634944,0.960070362405688,1.4758446204521396,0.21729343092302114,0.49394136891958124,0.08673833867598511,1.0808390005411683,0.3009202343604251,0.36625556043077695,0.6435011087932844,0.8519663271732721,0.4524748895620668,0.2676163047847618,0.7454194762741583,1.1583858851975095,point_gun
0.896055384571344,0.4993467216801301,1.3045442776439715,0.4078679679739101,0.19739555984988075,0.3217505543966422,0.6556956262415361,0.20152776773533332,0.42445200707375147,0.24497866312686414,0.4048917862850834,0.09169615625986303,0.3608367830330907,0.5880026035475676,0.4636476090008061,0.40291159085351574,0.23949926591015905,0.8329812666744317,0.4182243295792291,point_gun
0.9678135704799593,1.231503712340852,1.4164775508687768,1.500206736976023,0.05549850524571683,0.20632389402971746,0.40890782895092537,0.12350609831603841,0.2217809690225993,0.223476601140633,0.1418970546041639,0.4636476090008061,0.16514867741462685,0.03844259002118798,0.19118445959701444,0.7704738984073632,0.04164257909858843,0.043450895391530846,0.14707835538840247,point_gun
0.9536049352545345,1.214176190843465,1.4382447944982226,1.5395564933646282,0.12869650127801413,0.20131710837464079,0.2817718672733522,0.0869892167439781,0.23329695153662722,0.24497866312686414,0.12135200057076369,0.5743048301747017,0.17073521147528278,0.1418970546041639,0.19739555984988075,0.9224643377076358,0.014704822377851434,0.03844259002118798,0.13706617431018764,point_gun
0.898125774987826,1.197069506829343,1.4056476493802699,1.5295825641365748,0.1366431624910871,0.2397431088704566,0.3392926144540447,0.07393903765794035,0.2629947316809195,0.21109333322274654,0.15660187698201536,0.4444192099010989,0.21866894587394195,0.03569911267932397,0.23783592745745075,0.8007815651780434,0.0809040991552306,0.0798299857122373,0.22923193327699531,point_gun
0.8859750808522963,1.1869787035063277,1.3481353861585312,1.4427872681216998,0.0688564893010446,0.2639637236257046,0.5880026035475676,0.1418970546041639,0.31597027195298044,0.4228539261329407,0.09347678115858947,0.11809202841909397,0.3089307439237416,0.03844259002118798,0.3120421215625333,0.4993467216801301,0.20687394897974304,0.09065988720074511,0.3430239404207034,point_gun
1.0080591040338132,1.2265776438124292,1.3597029935721503,1.2068173702852527,0.4423742229767449,1.1583858851975095,1.2490457723982544,0.15935164090391687,0.4388592989635065,0.8139618212362083,0.28379410920832787,0.27632727497506515,0.44684246848576414,0.35877067027057225,0.4182243295792291,0.03844259002118798,0.37032342970277476,0.17467219900823971,0.43240777557053783,point_gun
1.515297821549181,1.315613936174078,1.1902899496825317,1.486093815925239,0.22679884805388587,0.08314123188844123,0.18534794999569476,0.7853981633974482,0.4775839889069628,0.6489955589965009,0.504165961479153,0.37776665793982145,0.4330058616236266,0.712357598094329,0.4636476090008061,0.48522699256733626,0.38486364801166234,0.7853981633974484,0.4182243295792291,point_gun
1.460139105621001,1.2430578200143412,1.129616846379916,1.4611461546259874,0.03569911267932397,0.02702044918726479,0.1767088560700366,0.6871242101414391,0.46706056503234433,0.7469555733762603,0.6078019961139605,0.4131288322784014,0.3865945819498489,0.8288490587889792,0.4636476090008061,0.5123894603107377,0.3001711708301121,1.0074800653029286,0.6202494859828216,point_gun
1.469874542127603,1.2368512549500026,1.1180178549713606,1.4580687152045195,0.05875582271572269,0.04647813135100294,0.11710874456686428,0.5569015241055859,0.47385133649476036,0.8621700546672263,0.6857295109062863,0.44794209416966674,0.3897085713428658,0.9397169393235675,0.519146114246523,0.5159255134652847,0.3001711708301121,1.067953115867036,0.628796286415433,point_gun
1.482419540650047,1.1902899496825317,1.1401038154083885,1.4510023040421411,0.05258306161094172,0.0425275346197842,0.1048769387302339,0.469782501358682,0.48855349002104526,1.0358412530088004,0.7298996581517315,0.40341903329981177,0.4216875191969008,1.1071487177940904,0.6947382761967033,0.507098504392337,0.3399303694696205,1.2793395323170293,0.7328151017865067,point_gun
1.4920123658057525,1.165904540509813,1.0863183977578734,1.467392864404971,0.09065988720074511,0.04441521524691083,0.1343214419529685,0.42099057425224573,0.5055810548742051,1.092443895416239,0.7266423406817256,0.3524576228267042,0.4224723923857155,1.1493771199070923,0.625485040239229,0.4906680581880709,0.3547056520109403,1.315613936174078,0.7328151017865067,point_gun
1.494024435525119,1.18018928309721,1.1071487177940904,1.4418855551109049,0.07130746478529033,0.020830320036217084,0.12435499454676145,0.36625556043077695,0.49999523001982676,1.1902899496825317,0.8441539861131709,0.3514447940035517,0.4330058616236266,1.196462710787313,0.7551044034786732,0.4899573262537283,0.35877067027057225,1.4219063791853992,0.7853981633974484,point_gun
1.469874542127603,1.1410340476982082,1.085174233497428,1.4611461546259874,0.08865588186743746,0.020830320036217084,0.17324566645236494,0.32175055439664213,0.4743998827919073,1.0768549578753155,0.8139618212362083,0.3964412832184413,0.39934245368270743,1.1493771199070923,0.7188299996216244,0.5048613716591264,0.31450430441674504,1.3909428270024182,0.8156919233162234,point_gun
1.432445356617772,1.0671700306708005,1.0659349551357702,1.4677147182721964,0.223476601140633,0.11710874456686428,0.21608497229678644,0.1831108172624841,0.41421794075867424,1.0358412530088004,0.7328151017865067,0.4880330181735247,0.3509199974104285,1.025141272267905,0.6107259643892086,0.6117269650558745,0.27346098709024436,1.2924966677897853,0.7853981633974484,point_gun
1.3439974787410107,0.9827937232473292,0.9953716762596119,1.4855334573543673,0.37690927032482097,0.18998828791871572,0.3217505543966422,0.01086913717727018,0.3835275159569918,1.1562894522101106,0.7583777142101836,0.5243207123034219,0.30544765107798005,1.0768549578753155,0.6000502134017536,0.6314534989390984,0.2276893197686559,1.4758446204521396,0.7853981633974482,point_gun
1.2890244595215448,0.9017533286043231,0.9770466600841253,1.4574629300294932,0.4551008085681946,0.2914567944778671,0.4339533693938966,0.1140857791681595,0.3517143357759998,1.4056476493802699,0.8478169733934057,0.4844779290370232,0.27829965900511133,1.3654009376051295,0.6889243882148615,0.6279812906708576,0.16941304388961836,1.3258176636680323,0.8884797719201486,point_gun
1.2531609755053656,0.850242190950655,0.9151007005533603,1.5228331399178208,0.5667292175235062,0.36574730126234445,0.48344700156719894,0.19739555984988078,0.3383236225092596,1.3078015951139772,0.9707461133931431,0.5114199986658374,0.2559431360046821,1.460139105621001,0.7853981633974482,0.668289418830584,0.1418970546041639,1.26274354577112,0.996491496620195,point_gun
1.2490457723982544,0.873774949542297,0.896055384571344,1.5390609532664385,0.6043055068662296,0.44684246848576414,0.5247957716501073,0.30357073932366396,0.24497866312686414,0.8076167287241673,0.5349550737860964,0.625485040239229,0.2099735128621634,0.8685393952858894,0.48088728019533583,0.7681584922029187,0.12869650127801413,0.9944211062037128,0.5984188934785372,point_gun
1.2529983209850046,0.873774949542297,0.8621700546672263,1.5627964974550168,0.5933501461567182,0.4297622790966885,0.5048613716591264,0.26211984126547283,0.2629947316809195,0.8288490587889792,0.6078019961139605,0.6125375566103033,0.21336864215180798,0.8685393952858894,0.482513295022477,0.759317122106696,0.12721621706788802,1.051650212548374,0.6202494859828216,point_gun
1.2649174553900444,0.9203749132513717,0.9318823417910095,1.5542689061921726,0.4182243295792291,0.2721458905311873,0.3858826693980738,0.027390408474862536,0.302429287540887,0.896055384571344,0.6805212246672144,0.5880026035475676,0.2548402763680007,0.9397169393235675,0.48088728019533583,0.7235303175330683,0.1860581771490038,1.190289949682532,0.6107259643892086,point_gun
1.3171222306562538,0.9730379352018145,0.9827937232473289,1.5442538890435002,0.2284966392918623,0.14481249823893905,0.2639637236257046,0.28010797529805376,0.3217505543966422,0.8519663271732721,0.65788860518221,0.5909180471823428,0.24695494513892505,0.9209258773829491,0.4844779290370232,0.6549948555083148,0.17787526300607653,1.2341215074081693,0.6889243882148615,point_gun
1.3975506603425316,1.1410340476982082,1.073453610448074,1.5319808807134327,0.15264932839526515,0.11575921772081073,0.08314123188844123,0.6022873461349642,0.46724471578835,1.0240074859056494,0.6947382761967033,0.39479111969976155,0.3851575063634742,1.0014831356942349,0.5880026035475674,0.5298490694560666,0.2860514417173182,1.2793395323170293,0.7266423406817256,point_gun
1.5313431256978585,1.2050490255325519,1.1071487177940904,1.498756261408069,0.4883339510564056,0.23374318086890145,0.09966865249116202,0.8353565591193911,0.4423742229767449,1.18018928309721,0.7298996581517315,0.3186545890560927,0.4124104415973873,1.1441688336680205,0.6435011087932844,0.4170492419884852,0.3351725671367332,1.352127380920955,0.6365082157879511,point_gun
1.515297821549181,1.2220253232109894,1.0963964440029892,1.484986062098395,0.697902822595057,0.519146114246523,0.3752708228559573,1.0934509444212248,0.4899573262537283,1.4801364395941516,0.6659692373791098,0.14461443921994038,0.47116626431311,1.2341215074081693,0.682316554874748,0.30704573201879076,0.3906070436976868,1.5083775167989388,0.6947382761967033,point_gun
1.5567127509720322,1.2220253232109894,1.2261490111768707,1.420769370010789,0.8728935041998396,0.6389139850038871,0.5358112379604637,1.197069506829343,0.4915288283649806,0.9827937232473292,0.540419500270584,0.06656816377582381,0.47545808345512125,1.1525719972156678,0.6556956262415361,0.25670833043338565,0.4124104415973873,1.3597029935721499,0.625485040239229,point_gun
1.5569083308639295,1.3114645823942117,1.241171919374154,1.559433179530601,1.196462710787313,0.7399748839758713,0.7188299996216244,1.498756261408069,0.478627761768176,0.6327488350021832,0.372987721800061,0.19239560151592244,0.42877802744601634,0.8176450458327023,0.2730087030867106,0.34097895349634944,0.340616240418313,0.8288490587889792,0.2730087030867106,point_gun
1.5004898626762713,1.2812926548335082,1.1193432352423422,1.4288992721907323,0.9197196053504169,1.1071487177940904,1.056345013735869,1.2654377467062596,0.39732436317257114,0.4783524313786575,0.3514447940035517,0.3748407153555978,0.3628233329870963,0.5516549825285469,0.3217505543966422,0.5833730069938559,0.27159959176007603,0.5880026035475674,0.3009202343604251,point_gun
1.3897036702636776,1.369479218420256,0.9367736071314746,1.5419581699237757,0.26060239174734096,1.1263771168937975,1.1441688336680205,0.8889228379079926,0.34421868298246766,0.22679884805388587,0.3671738338182192,0.23860932250820097,0.2991555303099434,0.348771003583907,0.3320594675428855,0.4636476090008061,0.19739555984988075,0.5880026035475676,0.3868757177310281,point_gun
1.232918138554618,1.5142528898500796,1.1071487177940904,1.5614508044873974,0.2817718672733522,0.6078019961139605,0.5779019369622456,0.6596287426369206,0.3455555805817121,0.4636476090008061,0.2551823906208184,0.07339732590161163,0.3156156620387663,0.09495170634275632,0.3743336160075839,0.35662013595143194,0.26211984126547283,0.16514867741462685,0.4048917862850834,point_gun
1.1127983751976749,1.4659193880646637,1.0899090465995611,1.4940244355251175,0.31521469975071104,0.34097895349634944,0.3217505543966422,0.5516549825285469,0.31874756042064445,0.5984188934785372,0.11487660541689913,0.017855245139552518,0.3022724985801146,0.21109333322274654,0.26916749278570046,0.3671738338182192,0.20938539295349548,0.09495170634275632,0.28805544705062586,point_gun
1.0436503832084871,1.355980926393238,1.1790963873574725,1.5509969342285022,0.2984989315861793,0.36172924151993224,0.2860514417173182,0.5415676053918449,0.2822574219814911,0.5280744484263598,0.0688564893010446,0.0798299857122373,0.2551823906208184,0.1767088560700366,0.22208190190548016,0.5667292175235064,0.12750955821523827,0.08673833867598511,0.1767088560700366,point_gun
1.0259324113433528,1.366154516965119,1.1425321739182417,1.4612368000209524,0.27365932108209035,0.3217505543966422,0.21866894587394195,0.49262500285236743,0.30970294454245617,0.4636476090008061,0.10673567264913564,0.11272761159037757,0.26060239174734096,0.09966865249116202,0.25255427577805956,0.6947382761967033,0.13082739607405697,0.0798299857122373,0.1767088560700366,point_gun
1.0370881351556351,1.3439974787410107,1.1790963873574725,1.4612368000209524,0.25651661264432357,0.3001711708301121,0.24497866312686414,0.48592804402985296,0.3006056700423954,0.482513295022477,0.11065722117389565,0.14707835538840247,0.2475626367040197,0.06656816377582381,0.25255427577805956,0.7509290623979402,0.09306372872441795,0.0798299857122373,0.13706617431018764,point_gun
1.0235119458074597,1.3698420631067996,1.2167988899630002,1.4501726582147934,0.2030452172534651,0.2935889874087498,0.23860932250820097,0.4475199751571699,0.2877079835482783,0.3868757177310281,0.09647377518258692,0.23923159996366058,0.23425521359425086,0.1418970546041639,0.19118445959701444,0.728854726452631,0.09691762779436304,0.11942892601833845,0.10673567264913564,point_gun
1.0121970114513343,1.334551066076459,1.2291808361470897,1.4489538897749787,0.17390118913788663,0.23472261248519707,0.17324566645236494,0.4018706474404565,0.25933174440068485,0.40024065703397416,0.09347678115858947,0.26211984126547283,0.21264492235777152,0.1767088560700366,0.16514867741462685,0.711459125739508,0.08430673252620663,0.12435499454676145,0.10308160852270024,point_gun
1.005094858138719,1.3125441069838577,1.2555816270441857,1.4578766660422944,0.17390118913788663,0.23472261248519707,0.14888994760949723,0.39435000812713683,0.261885264680519,0.40024065703397416,0.09347678115858947,0.2817718672733522,0.21991427524262383,0.1767088560700366,0.16514867741462685,0.7657928325402437,0.08550529367820464,0.11942892601833845,0.07130746478529033,point_gun
1.005094858138719,1.3125441069838577,1.2691772805286567,1.477319545636308,0.15865526218640139,0.20963984587421253,0.14888994760949723,0.379448176449151,0.2644883825492325,0.48088728019533583,0.06442683942555355,0.21608497229678644,0.23109066719589708,0.22679884805388587,0.1707352114752828,0.7086262721276703,0.08550529367820464,0.15865526218640139,0.10673567264913564,point_gun
1.0121970114513343,1.2949904282063742,1.2753554896511767,1.4876550949064546,0.15460054543120086,0.20131710837464079,0.12750955821523827,0.3700135827770766,0.24017100786017306,0.43240777557053783,0.06241880999595735,0.27490984148067255,0.21743741940294753,0.18998828791871572,0.16514867741462685,0.728854726452631,0.08550529367820464,0.15865526218640139,0.10308160852270024,point_gun
0.9900399732272263,1.3125441069838577,1.2167988899630002,1.518213265183956,0.17286060678714496,0.24497866312686414,0.13800602365751946,0.41426917551628906,0.2942345651111878,0.47951929199259613,0.06656816377582381,0.08673833867598511,0.2662520491509254,0.1831108172624841,0.19739555984988075,0.6171913915403622,0.13613896085314073,0.12435499454676145,0.1831108172624841,point_gun
1.2449972115222263,1.5337762109209667,1.1164942401015805,1.5203341527780405,0.030293759918775105,0.7853981633974484,0.996491496620195,0.7040962917890518,0.3752708228559573,0.4899573262537283,0.3217505543966422,0.04408905739807184,0.33713395617723735,0.09966865249116202,0.3320594675428855,0.3040009393401446,0.26211984126547283,0.12435499454676145,0.4487233440107211,point_gun
1.356735643231075,1.4513674007765576,1.181479604961756,1.528715919353008,0.03702011587393003,1.18018928309721,1.1232763516377267,1.1183214372328298,0.4551008085681946,0.507098504392337,0.7583777142101836,0.2695890779209262,0.3805063771123649,0.6857295109062863,0.4487233440107211,0.4279484963214822,0.26211984126547283,0.8379812250083901,0.49394136891958124,point_gun
1.4191908393566237,1.399417200405389,1.0343608691901653,1.560487413648658,0.09065988720074511,0.8253768505207383,0.8850668158886102,1.2490457723982544,0.48088728019533583,0.4636476090008061,0.6857295109062863,0.25168997175818675,0.41129374747753095,0.7853981633974484,0.49394136891958124,0.4492601126118804,0.2949370588488069,0.9272952180016123,0.5104883219167758,point_gun
1.515297821549181,1.2187520124794793,1.0222469243443686,1.5312130528578003,0.2984989315861793,0.7853981633974482,0.8329812666744317,1.4191908393566237,0.4593372908669921,1.0768549578753155,0.7328151017865067,0.32564158534328663,0.3999042964681191,0.996491496620195,0.5516549825285469,0.4969686048790533,0.2949370588488069,0.9652516631899266,0.5516549825285469,point_gun
1.5291537476963097,1.1525719972156676,0.962107019467485,1.4956691708841343,1.2120256565243246,0.5543074962015512,0.5790742693677309,1.466696388685298,0.5016040541891205,0.8198672643969561,0.5404195002705843,0.3537031460811219,0.4182243295792291,0.8709034570756529,0.47734538237367186,0.5569015241055859,0.325495855236478,0.9048270894157866,0.507098504392337,point_gun
1.466696388685298,1.2120256565243246,1.169567527790048,1.547811869353442,0.8253768505207383,0.5404195002705843,0.4228539261329407,1.415799584870956,0.5170319524915414,0.7853981633974482,0.5763752205911836,0.28757583078044713,0.45577375597670555,0.7853981633974482,0.4444192099010989,0.3863372148213145,0.38274350984557554,0.9685089806599325,0.48088728019533583,point_gun
1.4553696664279716,1.2220253232109894,1.1902899496825317,1.559927189617623,0.6327488350021832,0.30970294454245617,0.223476601140633,1.3171222306562538,0.478627761768176,0.8353565591193911,0.540419500270584,0.32579911527267047,0.43240777557053783,0.9129077216126866,0.482513295022477,0.450225596260715,0.3715178551467089,0.996491496620195,0.5144513130590278,point_gun
1.3813161689137494,1.2095925713012148,1.0943289073211897,1.437569575154518,0.17985349979247828,1.0303768265243123,0.2782996590051114,0.6857295109062863,0.3759609538713057,0.5349550737860964,0.4346702151492448,0.48447792903702325,0.3329232738353815,0.7044940642422177,0.4346702151492448,0.6400881527617461,0.27490984148067255,0.7853981633974482,0.40024065703397416,point_gun
1.3258176636680323,1.1156955182267017,1.0062269331267968,1.4801364395941516,0.07130746478529033,1.3258176636680323,0.6947382761967033,0.500440813147294,0.24910235109274495,0.42141920688780415,0.28805544705062586,0.5795639852933232,0.21366898753998365,0.5880026035475676,0.24497866312686414,0.7012599228662774,0.13082739607405697,0.6327488350021832,0.2629947316809195,point_gun
1.3288757581104913,1.1153452555440029,0.9894161429899969,1.5363272257953888,0.3217505543966422,0.7853981633974482,0.6947382761967033,0.6521714117570698,0.28511773517259614,0.4241944079037666,0.2536740961386427,0.5115561271703055,0.25144409027801773,0.5467888408892474,0.24497866312686414,0.6435011087932844,0.18998828791871575,0.682316554874748,0.35877067027057225,point_gun
1.2890244595215448,1.0906212971913696,1.0022717790638567,1.5547976919185535,0.25168997175818675,1.1071487177940904,0.6947382761967033,0.640783724177508,0.2231133610549015,0.49180917598869855,0.3332443011116727,0.6029827563149376,0.18534794999569476,0.6510767214444798,0.24497866312686414,0.7102710074866863,0.12435499454676145,0.7853981633974484,0.30970294454245617,point_gun
1.2793395323170293,1.0899090465995611,0.9765826229944627,1.547723498904748,0.2782996590051114,0.6747409422235527,1.3734007669450161,0.5236846609962432,0.17324566645236494,0.5585993153435626,0.3332443011116727,0.628796286415433,0.13082739607405697,0.6202494859828216,0.21109333322274654,0.7133580980106204,0.07216362895965758,0.8224182792713784,0.2730087030867106,point_gun
1.2991967350348208,1.0493618870231531,0.9505468408120751,1.5228331399178208,0.12970253715591212,0.7853981633974482,0.5880026035475676,0.6967422815300108,0.25615138256560344,0.504165961479153,0.3514447940035517,0.5472843809874369,0.20401797959254858,0.65788860518221,0.2914567944778671,0.6816058229404054,0.13863973713415806,0.7853981633974484,0.3547056520109403,point_gun
1.2375520256832238,1.042721878368537,0.956133374872731,1.5011417530663282,0.23374318086890145,1.1071487177940904,1.0303768265243123,0.7069080607601164,0.23154377092565046,0.504165961479153,0.3217505543966422,0.6037493333974364,0.18697926991891112,0.65788860518221,0.26060239174734096,0.7419472680059174,0.11848995915813776,0.7022569315090069,0.28805544705062586,point_gun
1.2528480354436053,1.058406866484159,0.9505468408120751,1.507389374828064,0.35877067027057225,1.190289949682532,0.9505468408120752,0.6967422815300108,0.20668321848424928,0.3693336576736256,0.26916749278570046,0.595784547623059,0.15526199390710999,0.5779019369622456,0.22208190190548016,0.7531512809621944,0.07130746478529033,0.6747409422235527,0.2536740961386427,point_gun
1.2886725946521813,1.051650212548374,0.9707461133931431,1.5308176396716056,0.0333209958782472,1.190289949682532,0.7853981633974482,0.540419500270584,0.27051338699322336,0.6998928697192437,0.4506613260806337,0.5599397971143883,0.215880849009154,0.6998928697192437,0.3120421215625333,0.6202494859828216,0.13255153229667402,0.8685393952858894,0.3430239404207034,point_gun
1.3149877621795243,1.1978086049948358,0.9770466600841253,1.4765878384498192,1.2793395323170293,0.5585993153435626,0.960070362405688,0.29544083714372005,0.4636476090008061,0.03771795246686421,1.4711276743037347,0.346285507459378,0.492485765871925,0.18394345653717514,1.2490457723982544,0.3930580191819325,0.4636476090008061,0.29654580906970046,1.272297395208717,point_gun
1.2535300472730706,1.0783105609229715,1.033885584054851,1.5191182423124665,0.9189272124893199,0.3217505543966422,0.2984989315861793,0.048039932847762555,0.42758078168462654,0.3217505543966422,1.0222469243443686,0.3436049978800046,0.325495855236478,0.5585993153435626,0.9272952180016123,0.4503740523166316,0.2413554905754038,0.5585993153435626,1.5120405040791716,point_gun
1.4801364395941516,1.0969449903001363,0.8156919233162234,1.4531601561166003,0.24497866312686414,0.7437555842988598,1.2490457723982547,0.0720400653868279,0.35877067027057225,0.9272952180016123,0.7853981633974484,0.42746431301522547,0.25224245788981825,1.4711276743037347,0.5667292175235062,0.6146629519221655,0.12914729012802006,1.5232132235179119,0.7853981633974482,point_gun
1.5374753309166491,1.2036224929766772,0.8345388978134685,1.5505970542138292,0.2902648999290442,0.7378150601204648,0.7266423406817256,0.07278784860392513,0.3164314556251264,0.682316554874748,0.4048917862850834,0.4746968830801749,0.19739555984988075,0.7266423406817256,0.3625442372645076,0.7086262721276703,0.07047134457879564,0.9707461133931431,0.4636476090008061,point_gun
1.553556655600367,1.2036224929766772,0.9403949053213894,1.4852910331166918,0.241752867864243,0.7853981633974482,1.515297821549181,0.01904531598201646,0.2997760700999796,0.7086262721276703,0.3671738338182192,0.4581531587975896,0.1955806798098265,0.6998928697192437,0.3430239404207034,0.7162018847788657,0.07130746478529033,0.9179496956941224,0.4461055489434036,point_gun
1.5551725981744215,1.2220253232109894,0.9888912086550109,1.5442538890435002,0.20599133667583147,0.4497596130698391,0.8884797719201486,0.02361765500495052,0.29611514587496474,0.4398425828157362,0.3009202343604251,0.3601931444178302,0.212270495716091,0.5667292175235062,0.3514447940035517,0.5917761705415029,0.15342392157884516,0.714090698612158,0.26916749278570046,point_gun
1.408068952154515,1.3815973046949284,0.9403949053213894,1.5354128706707464,0.2213144423477913,0.3529903878269105,0.6435011087932844,0.013157135472755743,0.3217505543966422,0.3217505543966422,0.2914567944778671,0.2695890779209262,0.2906724809131998,0.43240777557053783,0.41549209594089065,0.5172873803276212,0.2547583024358948,0.6435011087932844,0.3693336576736256,point_gun
0.9519815600572117,1.2949904282063742,1.2977876237081858,1.4876550949064546,0.15913672579869365,0.45333869585456277,0.7216548508647612,0.03354445956167841,0.2536740961386427,0.11942892601833845,0.2030452172534651,0.5150728170187818,0.15865526218640139,0.2536740961386427,0.22208190190548016,0.7389200320464454,0.023251622810462915,0.17985349979247828,0.1418970546041639,point_gun
0.9590693617390221,1.2667953874547522,1.0863183977578734,1.4513674007765576,0.0883767861448488,0.46364760900080615,0.9928943898326509,0.015623728620476831,0.2281026282799428,0.12435499454676145,0.13800602365751946,0.49180917598869855,0.16051192548185914,0.23684876094692026,0.23783592745745075,0.750118689803857,0.02298445744145208,0.12435499454676145,0.09966865249116202,point_gun
1.0960994437147213,1.4194208830608703,1.2204821145594944,1.5105245881105045,0.03277514440407577,0.8270407424960367,1.196462710787313,0.11272761159037757,0.34180517198088894,0.5280744484263598,0.23374318086890145,0.09065988720074511,0.27700432294202654,0.08673833867598511,0.2782996590051114,0.4182243295792291,0.19515842711667014,0.16514867741462685,0.3332443011116727,point_gun
1.495183183558066,1.2637505947761056,1.0303768265243123,1.5618679926150558,0.05258306161094172,1.446441332248136,1.199905037982234,0.08454375551299814,0.44324227831426805,1.2793395323170293,0.6146629519221655,0.2532657662307529,0.33394507184489397,1.0121970114513343,0.4993467216801301,0.507098504392337,0.22679884805388587,1.1583858851975095,0.4444192099010989,point_gun
1.4352686128093954,1.1174576309403335,1.051650212548374,1.5613626443889028,0.9877197917757521,0.5404195002705843,0.08314123188844123,0.20982831175965547,0.6391627412176616,0.03569911267932397,1.1722738811284763,0.09406123462798634,0.5272870470142864,0.4868992318112691,0.9707461133931431,0.24768135924887325,0.4254496373700423,0.4048917862850834,1.515297821549181,point_gun
1.376110787410947,1.1743550435764551,1.04120672801282,1.498196873064401,0.7724118804772758,0.5790742693677309,1.190289949682532,0.13888501552021304,0.5456550545269918,0.6659692373791098,0.8760580505981934,0.27829965900511133,0.449759613069839,1.339705659599,0.65788860518221,0.46364760900080615,0.32579911527267047,1.3101939350475555,0.7597627548757707,point_gun
1.368771170391304,1.197069506829343,1.0636978224025595,1.5622495263622875,0.39479111969976155,0.348771003583907,0.507098504392337,0.7853981633974484,0.42066334913303505,0.5404195002705843,0.4048917862850834,0.40890782895092537,0.3821166816786122,0.712357598094329,0.39234014421551583,0.5603598769048431,0.3366748193867272,0.8198672643969561,0.47951929199259613,point_gun
1.382574821490126,1.1935472671525376,1.0863183977578734,1.4946725235743692,0.20902294280626463,1.3734007669450161,0.960070362405688,0.3500448882451459,0.40168324114579895,0.5232783221319754,0.4636476090008061,0.4124104415973874,0.3886895005062344,0.7298996581517315,0.4346702151492448,0.5349550737860964,0.340616240418313,0.7853981633974484,0.40024065703397416,nope
1.0222469243443686,1.3854483767992019,1.1309537439791606,0.3265814346906185,1.3370531459259951,1.3886280163221336,1.4501726582147942,1.13500528718785,1.4682164743766015,1.4550371090740857,1.424784069083622,1.2646087181352663,1.5554129250143096,1.4977557614917774,1.3961241277866574,1.3287246322237776,1.3258176636680323,1.5350972141155732,1.2870022175865687,nope
0.9242831789176613,1.2870022175865687,0.9670469933974605,0.10894195698986579,1.2439696738649557,1.2662854435927844,1.3415643935179011,1.0007558630951865,1.3935709418451772,1.3932001595114083,1.3854483767992019,1.186752228592297,1.5551725981744215,1.518213265183956,1.4501726582147942,1.3028859043715568,1.3208177053340742,1.4711276743037347,1.5350972141155732,nope
0.8519663271732721,1.2422431562434455,0.9978301839061905,0.01666512371394075,1.1760052070951352,1.2242574623609548,1.2490457723982544,0.9537883205449782,1.3648049901190658,1.3197936401518622,1.3258176636680323,1.1269201524092494,1.4928296929633533,1.4920123658057525,1.3909428270024187,1.2589464389862433,1.3611564809206842,1.5063694873693434,1.4994888620096076,nope
0.6403564650708427,0.8894981015070478,0.8029402234548508,0.16910122600137703,1.0779599298012958,0.9978301839061905,0.9827937232473289,0.7853981633974484,1.3329603993374455,1.256564427710558,1.1955255039389392,1.0874883299529632,1.436025042317165,1.2649174553900444,1.1324597669369387,1.1212322936169508,1.3644724327651792,1.4994888620096076,1.2120256565243246,nope
0.7105383156866815,1.198728567936776,0.9167136023805363,0.11065722117389563,1.2737321144538538,0.9453112865556675,1.4994888620096076,0.09772690735871872,1.272297395208717,1.0912770348023004,1.3734007669450157,0.11942892601833845,1.3397056595989993,0.960070362405688,1.3667783472023478,0.0798299857122373,1.4094212163742048,0.2782996590051114,1.5208379310729512,nope
0.9753864513161639,1.0912770348023004,1.0121970114513343,0.2902648999290442,0.035073330533225366,1.4424730991091015,0.6947382761967033,0.8559877532163219,0.15808997112168577,1.3677511095414312,0.4266274931268761,0.8798530987924951,0.20599133667583147,1.3329603993374455,0.3080527810237764,0.9629943306809361,0.3608367830330907,1.3808080388761808,0.3217505543966422,nope
1.0752446533090683,0.5961991412974801,0.17219081452293902,0.36397895650964407,0.09827395325600918,1.5363272257953888,0.43662715981354133,0.6467584262632903,0.2817718672733522,1.2597980461893556,0.27094685033842053,0.8243395064944875,0.3779683114962734,1.092443895416239,0.21866894587394195,1.0863183977578734,0.5255837935516102,1.1263771168937975,0.12435499454676145,nope
1.2036224929766772,0.49180917598869855,0.11065722117389565,0.5667292175235062,0.8567056281827388,0.9272952180016123,0.9723774333163593,1.1031961692073402,0.41822432957922917,1.190289949682532,0.39060704369768684,1.0370881351556351,0.5349550737860964,1.1071487177940904,0.3217505543966422,0.5633162614919681,0.7229793534014909,1.0121970114513343,0.4993467216801301,nope
1.3838170568759849,1.4399689307208392,0.668289418830584,0.09406123462798634,1.254510198882742,1.2490457723982544,1.272297395208717,1.4975331930556564,0.6747409422235527,1.3258176636680323,0.9048270894157866,0.9318823417910095,1.190289949682532,1.2036224929766772,0.9505468408120752,0.6781193077490455,1.4711276743037347,1.051650212548374,0.7266423406817256,nope
1.3886280163221336,1.4327903031373779,0.6947382761967033,0.11272761159037757,1.254510198882742,1.2742505177251962,1.2610933822524402,1.5066642117934648,0.6350267353903137,1.382574821490126,0.9048270894157866,0.8996524913588879,1.1525719972156678,1.2277723863741932,0.9048270894157866,0.6781193077490455,1.4659193880646637,1.1341691669813554,0.8379812250083901,nope
1.3578579772154995,1.494024435525119,0.7266423406817256,0.05875582271572269,1.254510198882742,1.2742505177251962,1.2977876237081858,1.5245330643705413,0.625485040239229,1.352127380920955,0.9505468408120752,0.8760580505981934,1.18018928309721,1.2490457723982544,0.9652516631899266,0.6202494859828214,1.446441332248136,1.0768549578753155,0.8379812250083901,nope
1.1948353729235912,1.2662854435927844,0.6350267353903137,0.1707352114752828,1.3465615756858005,1.3460851583802542,1.3808080388761808,1.5344487057758744,0.41822432957922917,1.4288992721907323,1.0584068664841588,0.9367736071314746,0.9652516631899266,1.3734007669450157,1.0808390005411683,0.7061990924279968,1.4801364395941516,1.2120256565243246,1.0040671092713902,nope
1.1284221038181517,1.2490457723982544,0.6510767214444798,0.12010873556691289,1.4056476493802699,1.3838170568759849,1.3876855095324119,1.5100017709201081,0.223476601140633,1.4758446204521396,1.0584068664841588,0.9685089806599325,0.6857295109062863,1.4382447944982226,1.1583858851975095,0.7509290623979402,1.051650212548374,1.2679114584199251,1.0768549578753155,nope
1.042721878368537,1.2120256565243246,0.628796286415433,0.08599429119424074,1.4743225516123106,1.4659193880646637,1.4640606541457615,1.4265069322571542,0.043450895391530846,1.5232132235179119,1.2490457723982544,1.0584068664841588,0.5880026035475676,1.4382447944982226,1.339705659599,0.8362018674556699,1.2490457723982544,1.339705659599,1.2277723863741932,nope
1.0545656561831487,1.2261490111768707,0.628796286415433,0.1048769387302339,1.458369195964707,1.4399689307208392,1.4640606541457615,1.4454072064533807,0.04542327942157702,1.525373047373322,1.18018928309721,0.9827937232473292,0.4636476090008061,1.446441332248136,1.2847448850775787,0.7509290623979402,1.2490457723982544,1.2998494764564759,1.2490457723982544,nope
1.198728567936776,1.3547113544981104,0.7610127542247298,0.08314123188844123,1.3329603993374455,1.3258176636680323,1.2698760924344714,1.5323537367737117,0.03702011587393003,1.3909428270024182,0.9685089806599325,0.9151007005533602,0.4636476090008061,1.352127380920955,1.0121970114513343,0.7309067071567171,0.7853981633974482,1.1722738811284763,0.9994588469612699,nope
1.2706251559647848,1.2958864853142238,0.7853981633974482,0.034469100999508014,1.3258176636680323,1.3024301158889897,1.3101939350475555,1.5022018233406236,0.02856365783875999,1.4056476493802699,0.8567056281827388,1.060308004878121,0.29544083714372005,1.2998494764564759,0.956133374872731,0.805003494254653,0.7022569315090069,1.2068173702852527,0.9048270894157866,nope
1.2490457723982544,1.3633001003596936,0.7853981633974482,0.05875582271572269,1.3220863377013738,1.3068326031691921,1.2387368592520112,1.4765878384498192,0.05123716740341881,1.5308176396716056,0.8224182792713784,1.4121410646084946,0.12832322768579477,1.4288992721907323,0.8621700546672263,1.0121970114513343,0.2782996590051114,1.3473197256542633,0.8685393952858894,nope
1.2818209168023302,1.3677511095414312,0.7597627548757707,0.15264932839526515,1.519992622736673,1.5437758776076316,1.5363272257953888,1.3873967425753797,0.7409829481505374,0.4461055489434036,1.1383885512243588,0.5280744484263598,0.6365082157879511,1.0222469243443686,1.352127380920955,0.4475199751571699,0.6919213822388588,1.2120256565243246,1.2120256565243246,nope
1.3554386270971588,1.3796118671978823,0.65788860518221,0.11942892601833845,1.3864719178951979,1.3134726118238083,1.2193515327913447,1.159218871260576,1.5120405040791716,1.5232132235179119,1.5413930385908878,1.4288992721907323,1.2036224929766772,1.342299687503034,1.4852910331166918,1.515637610866718,0.7853981633974484,0.7853981633974482,0.9467732738181398,nope
1.3961241277866574,1.477319545636308,0.7853981633974482,0.12435499454676145,1.3894765523934063,1.3439974787410107,1.2387368592520112,1.1821710482396366,1.5565115842074926,1.5011417530663267,1.453687582228032,1.358838689552277,1.2578950989145123,1.3203532371835447,1.4570043196511897,1.5172760583355829,0.7492693128846728,0.7437555842988598,0.8760580505981934,nope
1.3370531459259951,1.4501726582147942,1.092443895416239,0.5880026035475676,1.2838575738641274,1.4758446204521396,1.453687582228032,1.5235342507942038,0.9652516631899264,1.1263771168937975,1.1902899496825317,1.199905037982234,0.7490505423784277,0.8894981015070478,1.0838970949836277,1.0509419973693295,0.34194982697771015,0.3752708228559573,0.6310793874713293,nope
0.8760580505981934,0.9167136023805363,1.0370881351556351,0.5404195002705843,0.9783689733630179,1.2151604424941365,1.3258176636680323,1.1587745365576532,0.44660380500580865,0.6711438354360088,0.7657928325402437,0.7073676195512937,0.34302394042070344,0.5364354576047312,0.6610431688506867,0.6362983522023646,0.034469100999508014,0.029403288204005115,0.13706617431018764,nope
0.5606869949828056,0.5961991412974801,0.482513295022477,0.5724598138180511,0.16514867741462685,0.19118445959701444,0.2984989315861793,0.23941285789170996,0.10566558209985577,0.0809040991552306,0.09647377518258692,0.08820590439668297,0.15741687272659072,0.05549850524571683,0.22923193327699531,0.1960313042160443,0.2847304385227122,0.19739555984988078,0.047583103276983396,nope
0.43069251138650794,0.6556956262415361,0.6805212246672144,0.6794138054078485,0.3217505543966422,0.4124104415973874,0.3320594675428855,0.22252993054933776,0.5640837210496571,1.3086764855294237,1.5083775167989388,0.8460969888494012,0.7118468729089086,1.2662854435927844,1.4640606541457615,0.8092031895825182,0.6991925897216695,0.8870870151605253,0.9723774333163593,nope
0.24997862146082248,0.39060704369768684,0.49642275340488184,0.5218342798144104,0.47290660366292925,0.43833655985795783,0.3430239404207034,0.3521979949658134,0.43113874071878217,0.34653886443394183,0.2587708919636976,0.27274929972028517,0.3520443143154173,0.23783592745745075,0.13255153229667402,0.16977827396833844,0.348771003583907,0.1831108172624841,0.0798299857122373,nope
0.25933174440068485,0.3217505543966422,0.43240777557053783,0.7853981633974482,0.5984188934785372,0.5404195002705843,0.5232783221319754,0.48769795368614755,0.5833730069938559,0.4868992318112691,0.3858826693980738,0.37433361600758397,0.5104883219167758,0.35877067027057225,0.25255427577805956,0.24330921559601026,0.47646741947370663,0.30970294454245617,0.11942892601833845,nope
0.07130746478529033,0.08865588186743746,0.13800602365751946,0.47385133649476036,0.3001711708301121,0.3547056520109403,0.28379410920832787,0.17517699452316168,0.48017502960352687,0.46364760900080615,0.3671738338182192,0.23737424697317083,0.5667292175235062,0.4124104415973874,0.3217505543966422,0.21165766724861695,0.6226707887570673,0.43240777557053783,0.3217505543966422,nope
0.8760580505981934,0.9048270894157866,0.7328151017865067,0.5020901990219941,0.8379812250083901,1.0483928950783676,1.1071487177940904,1.0074800653029286,0.840288025991602,1.0222469243443686,1.1441688336680205,1.055618445687407,0.8534746216554479,0.962107019467485,1.1071487177940904,1.0832012008718832,0.849825002823002,0.9629943306809361,1.1606689862534054,nope
1.2571756745781988,1.5350972141155732,1.4840579881189118,1.0636978224025595,1.460139105621,1.5430256902014756,1.4382447944982226,1.4891599846658266,1.415201498817867,1.4959364790841283,1.4827889532671563,1.4417465310606403,1.3734007669450157,1.4898922276396664,1.5063694873693434,1.433209590324546,1.4056476493802699,1.460139105621001,1.5308176396716056,nope
1.3578579772154995,1.4640606541457615,1.4121410646084946,0.504165961479153,1.2812926548335082,1.3578579772154995,1.4711276743037347,1.3030472727742226,1.1810877554520312,1.3734007669450161,1.4827889532671563,1.3360737143096995,1.1681416732430236,1.3886280163221336,1.5385494443596406,1.4044642179800761,1.2178059389679863,1.3171222306562538,1.4121410646084946,nope
1.2637505947761056,1.424784069083622,1.1839206090638685,1.0957855705297996,1.1232763516377267,1.3734007669450157,1.5063694873693434,1.340576739518053,0.6327488350021832,0.6786624907483126,0.7853981633974484,0.804087575844354,0.6037493333974364,0.6673061349783542,0.8308214428190254,0.842478945803713,0.5743048301747017,0.698659824721463,0.8584387287005676,nope
1.2351577764672872,1.4056476493802699,1.2277723863741932,1.1441688336680205,1.1071487177940904,1.4010180528265586,1.5385494443596406,1.3331840129294252,0.6171913915403622,0.6632029927060933,0.7853981633974484,0.7945722179425583,0.5994524848417374,0.6857295109062863,0.8288490587889792,0.8452344827213206,0.6014547068602731,0.6794138054078485,0.8803498697402045,nope
1.2637505947761056,1.424784069083622,1.165904540509813,1.0259324113433528,1.0743735733900146,1.312025434831199,1.4056476493802699,1.2903847385115361,0.6107259643892086,0.6483319890872606,0.7188299996216244,0.7853981633974482,0.6037493333974364,0.6857295109062863,0.8066715494215094,0.8550527371260166,0.5971766580926776,0.6794138054078485,0.8850668158886102,nope
1.1239538583091324,1.3197936401518622,1.5102643070127886,1.3171222306562538,0.16514867741462685,0.28897540999256643,0.31099828060554097,0.11379200714370807,0.21293834957939714,0.26836621090590684,0.3028848683749714,0.09431395132718053,0.26147881571224924,0.22679884805388587,0.20902294280626463,0.028977393851561332,0.2148154004016586,0.19739555984988075,0.1831108172624841,nope
1.056345013735869,1.2490457723982544,1.4424730991091015,0.8270407424960367,0.07561314323682984,0.2817718672733522,0.3320594675428855,0.09259162980755102,0.13255153229667402,0.26211984126547283,0.2942345651111878,0.05992815512120788,0.1920480172407301,0.20232162837830375,0.25255427577805956,0.007299140443697202,0.1621988334633824,0.13706617431018764,0.15865526218640139,nope
0.5010133868035894,0.5155490074589791,0.996491496620195,0.9652516631899266,1.171280832795522,0.04542327942157702,1.1722738811284763,0.24192056868440487,1.5031033041009276,0.12435499454676145,1.0040671092713902,0.6409565850228044,1.3940874707248603,0.12970253715591212,0.9025069079643125,0.7767027303856697,1.2490457723982547,0.4636476090008061,0.5880026035475674,nope
1.2649174553900444,1.165904540509813,0.9707461133931431,0.9827937232473289,1.2120256565243246,0.4514530915525543,0.11710874456686428,0.9193430993441111,1.2490457723982544,0.41106454738986437,0.19739555984988075,1.0094218104353718,1.3134726118238078,0.27094685033842053,0.13255153229667402,1.051650212548374,1.2637505947761056,0.4636476090008061,0.19739555984988078,nope
1.2998494764564759,0.8663022625526788,0.6435011087932844,0.4514530915525543,1.333422079821726,0.23255694180490905,0.5880026035475676,0.8621700546672263,1.294282380177423,0.22679884805388587,0.7419472680059174,0.9907935525872158,1.1983978801181427,0.1418970546041639,0.6857295109062863,0.9827937232473292,1.08828303177242,0.39852244566642026,0.7853981633974484,nope
1.31910635503671,0.7853981633974484,0.682316554874748,0.43833655985795783,1.3187003461268227,0.1343214419529685,0.8253768505207383,0.8906982929614966,1.2805314268658525,0.15660187698201536,1.1071487177940904,1.0164888305933453,1.213662316274103,0.029403288204005115,1.042721878368537,0.9981299440890584,1.1071487177940904,0.3805063771123649,1.1071487177940904,nope
1.010109331812091,1.2490457723982544,1.1493771199070923,0.6435011087932844,1.3801574208808012,1.304544277643971,1.165904540509813,1.1332865546774438,1.4817467441603995,1.4399689307208392,1.196462710787313,1.3309023656100016,1.2120256565243246,1.5102643070127886,1.1071487177940904,1.4501726582147942,0.6078019961139605,1.3734007669450161,0.15264932839526515,nope
0.482513295022477,1.382574821490126,1.5273454314033663,1.2285007183648542,0.9420000403794635,1.165904540509813,1.2998494764564759,0.6091634656607724,1.220068378546693,1.301628834009196,1.3258176636680323,1.08828303177242,1.2490457723982544,1.1383885512243588,1.1383885512243588,1.0143923976059468,1.2924966677897853,1.5120405040791716,1.3854483767992019,nope
1.124690777851493,1.2220253232109894,1.3258176636680323,1.350302565428225,1.3028859043715568,1.4801364395941516,1.4424730991091015,1.3688622201952951,1.0659349551357702,1.5413930385908878,1.415799584870956,1.3597029935721499,0.4461055489434036,1.1284221038181517,1.382574821490126,1.034108152490971,0.7631795980707292,0.8519663271732721,0.628796286415433,nope
0.7974457732516342,1.0022717790638567,1.5167948264189284,1.2490457723982547,0.8243395064944875,1.0934509444212246,1.2387368592520112,1.0480072414144943,0.3392926144540447,0.580002774207681,0.5585993153435626,0.6584253737833694,0.07006058263845544,0.3045108832021125,0.3217505543966422,0.4535128208745686,0.3156156620387663,0.4346702151492448,0.3805063771123649,nope
0.8716037370732272,1.0074800653029286,1.5422326689561332,1.5556459709201298,0.5790742693677309,0.7672183483244701,0.896055384571344,0.8532549862537522,0.16037544397595072,0.2847304385227122,0.3392926144540447,0.43240777557053783,0.029403288204005115,0.15776873759595397,0.1920480172407301,0.32773850678055544,0.26171350240120506,0.35877067027057225,0.26060239174734096,nope
0.8353565591193911,0.9765826229944627,1.5413930385908878,1.5246752107803854,0.5703832816499418,0.7328151017865067,0.8491414759301352,0.8280263522695347,0.1558682013983225,0.2782996590051114,0.3752708228559573,0.43548604201291374,0.028977393851561332,0.11065722117389563,0.1607627406258347,0.298039583892258,0.2997760700999796,0.3858826693980738,0.19739555984988075,nope
0.8318762947484513,0.9403949053213894,1.4852910331166918,1.484057988118913,0.4636476090008061,0.7216548508647612,0.8308214428190254,0.7544801838344055,0.015150355874769811,0.14888994760949723,0.16977827396833844,0.28829024394699204,0.2216495629786776,0.1131509815904845,0.0809040991552306,0.06994938504078187,0.4423742229767449,0.5880026035475676,0.4783524313786575,nope
0.7853981633974484,0.9025069079643125,1.3838170568759849,1.260628266006911,0.4636476090008061,0.7188299996216244,0.8329812666744317,0.7441844007391282,0.10308160852270024,0.05549850524571683,0.09347678115858947,0.23611364713667574,0.2802996563384511,0.2510026866430346,0.27416745111965884,0.02856365783875999,0.5055810548742051,0.6659692373791098,0.5971766580926776,nope
0.7744095947147147,0.8577354939360432,1.4659193880646637,1.223961429213889,0.3520443143154173,0.7188299996216244,0.7853981633974482,0.7167232611654084,0.1347712844777311,0.0809040991552306,0.09966865249116202,0.1554520116398116,0.31726627952182623,0.2984989315861793,0.3858826693980738,0.08371993552754271,0.4431025549674059,0.6837093116343713,0.6435011087932844,nope
0.6794138054078485,0.7998899024629483,1.5451609182732213,1.1881891124370967,0.15431877592611903,0.5280744484263598,0.65788860518221,0.5993399862484444,0.32709809700579284,0.2984989315861793,0.3310960767041321,0.028977393851561332,0.4450162247555413,0.492485765871925,0.5743048301747017,0.25132778416084034,0.5678440442634399,0.7309067071567171,0.7022569315090069,nope
0.6676655885933547,0.8148014516014533,1.4735431285433316,1.1071487177940904,0.2030452172534651,0.6146629519221655,0.8478169733934057,0.6731953484001939,0.39762799152212935,0.504165961479153,0.48088728019533583,0.12114301415792322,0.5633162614919681,0.6202494859828214,0.5961991412974801,0.33088272061605306,0.6696389456766377,0.7022569315090069,0.5984188934785372,nope
0.30970294454245617,0.46364760900080615,1.2490457723982544,0.36314700994617627,0.3332443011116727,1.1309537439791606,1.3473197256542633,0.8396085628721118,0.4636476090008061,0.8550527371260165,1.0121970114513343,0.3006056700423954,0.6515871859228575,0.7328151017865067,0.7328151017865067,0.40588879492781316,0.6310793874713293,0.6747409422235527,0.625485040239229,nope
0.6584253737833694,0.7853981633974484,1.4711276743037347,1.1611502181700588,0.23472261248519707,0.5790742693677309,0.65788860518221,0.6165662613863275,0.225601243836024,0.19739555984988078,0.21535769969773805,0.056278536288761956,0.3701708278422166,0.36120375549368167,0.4398425828157362,0.13640260440094745,0.6007137833109938,0.6947382761967033,0.6375487981386928,nope
0.7977432152416728,0.8734055369251891,1.2847448850775787,1.3228414819792058,0.2310906671958971,0.2721458905311873,0.2587708919636976,0.47224338582675685,0.20938539295349548,0.20963984587421253,0.13800602365751946,0.036347621019020664,0.28010797529805376,0.20176234432028708,0.11710874456686428,0.01874780319774436,0.44159236230729126,0.43833655985795783,0.31099828060554097,nope
1.0516502125483738,0.9314104211087237,1.2847448850775787,1.033885584054851,0.28438477659385886,0.22679884805388587,0.22923193327699531,0.5275336155964517,0.8550527371260165,0.3805063771123649,0.15660187698201536,0.388318718172466,1.0863183977578734,0.16514867741462685,0.2310906671958971,0.628796286415433,1.2924966677897853,0.1048769387302339,0.2310906671958971,nope
0.9420000403794635,0.8577354939360432,1.2578950989145123,1.1441688336680205,0.11242713083019014,0.047583103276983396,0.031239833430268277,0.3397434710510883,1.2360594894780819,0.13552771398550073,0.2310906671958971,0.3539974368318961,0.7266423406817256,0.05549850524571683,0.49394136891958124,0.5771922138734609,0.39852244566642026,0.15660187698201536,0.4636476090008061,nope
0.8809962820612887,0.8007815651780434,1.2220253232109894,1.1824776086224305,0.06146095588276596,0.13255153229667402,0.18534794999569476,0.14966604368960976,1.2387368592520112,0.043450895391530846,0.4398425828157362,0.4453010438876859,0.8621700546672263,0.05549850524571683,0.5713374798336267,0.6350267353903137,0.5633162614919681,0.15660187698201536,0.5880026035475676,nope
0.8519663271732721,0.7551044034786732,1.2490457723982544,1.202100424136847,0.0447462314546156,0.11065722117389563,0.12062366858010272,0.17779022899267607,1.1705556697609223,0.04542327942157702,0.41822432957922917,0.4636476090008061,0.7044940642422177,0.11065722117389563,0.519146114246523,0.6358384235237452,0.3366748193867272,0.20749622643520266,0.628796286415433,nope
0.8393996637734166,0.7406519319428327,1.276561761683709,1.2145766713987467,0.05875582271572269,0.11065722117389563,0.12062366858010272,0.15499674192394097,1.2490457723982544,0.04995839572194276,0.3217505543966422,0.3764903344465229,0.6747409422235527,0.06241880999595735,0.5516549825285469,0.6156198894291098,0.3217505543966422,0.16514867741462685,0.6107259643892086,nope
0.8379812250083901,0.7406519319428327,1.2924966677897853,1.2220253232109894,0.05875582271572269,0.1131509815904845,0.15037142800713454,0.16137511042069144,1.5291537476963097,0.04542327942157702,0.29145679447786704,0.513606004722749,0.8176450458327023,0.16514867741462685,0.4899573262537283,0.659310068332858,0.3392926144540447,0.20749622643520266,0.5880026035475676,nope
0.8393996637734166,0.739277047382937,1.312025434831199,1.219351532791345,0.05963071313116939,0.13255153229667402,0.15499674192394097,0.1418970546041639,1.1760052070951352,0.047583103276983396,0.3392926144540447,0.43535327515230243,0.5763752205911836,0.05875582271572269,0.4636476090008061,0.6246354227716137,0.18822150530477078,0.17467219900823971,0.5667292175235062,nope
0.39479111969976155,0.36397895650964407,0.6947382761967033,1.2304143881529894,0.03997868712329004,0.07304056530311932,0.06053201978210713,0.13818649649439785,0.3645260024069345,0.6711438354360088,0.7597627548757707,0.2895036719613883,0.41549209594089065,0.6540827244143602,0.7853981633974484,0.2732896808820699,0.507098504392337,0.6857295109062863,0.7188299996216244,nope
0.6226707887570673,0.6673061349783542,1.0303768265243125,1.4789502005301602,0.14562838057082267,0.14531001063570215,0.09966865249116202,0.08941610674759004,0.12283523887789498,0.12697278961407893,0.031239833430268277,0.09551683767564256,0.10626486289107882,0.04441521524691083,0.09065988720074511,0.14273527737515654,0.1304033078891334,0.02856365783875999,0.0688564893010446,nope
0.6240230529767569,0.7531512809621943,1.2490457723982544,1.1071487177940906,0.25307565216460226,0.2310906671958971,0.3217505543966422,0.4266274931268761,0.20039855382587854,0.24497866312686414,0.31099828060554097,0.4328880829303369,0.15137544373402623,0.2639637236257046,0.3547056520109403,0.45430208669331623,0.05992815512120788,0.23684876094692026,0.35877067027057225,nope
1.4168516623365464,1.3352513460740334,1.3382393849899876,1.1193432352423422,0.5006677248747361,0.4756952188549921,0.4124104415973874,0.7202730000630625,0.4497596130698391,0.5028432109278609,0.5224034317165288,0.7157435896688802,0.48522699256733626,0.5813801838048998,0.6055446636049701,0.7803730800666359,0.48344700156719894,0.6947382761967033,0.7298996581517315,nope
1.199905037982234,0.8991901705411565,1.2793395323170293,0.9981299440890584,0.4167022607393985,0.26211984126547283,0.22471116841464273,0.5920759007753087,0.4084888930726273,0.36397895650964407,0.3302973548292537,0.5862784673249505,0.4314007265655522,0.45333869585456277,0.4756952188549921,0.6458848945044989,0.3805063771123649,0.5016040541891205,0.5880026035475676,nope
1.174714885230589,0.8537845069879518,1.1273479903751584,1.0705158985700443,0.37776665793982145,0.19739555984988078,0.16514867741462685,0.5467888408892474,0.3556358843007598,0.3147576613913089,0.27829965900511133,0.5414844625942814,0.348771003583907,0.4228539261329407,0.4398425828157362,0.5912920653671214,0.31597027195298044,0.4514530915525543,0.5456550545269918,nope
1.2207514385497507,0.8243395064944875,0.9827937232473289,1.2184876021207547,0.38050637711236496,0.2662520491509253,0.22679884805388587,0.5763752205911836,0.21406068356382152,0.33261969157391236,0.6202494859828216,0.4721219824037768,0.08673833867598511,0.23624526071843757,1.190289949682532,0.6777082925646277,0.08314123188844123,0.15264932839526515,0.43240777557053783,nope
1.195955611439299,0.7980557152315003,1.0265158418489166,1.2184876021207547,0.30739747312282156,0.1343214419529685,0.12135200057076369,0.4785718739908911,0.05258306161094172,0.28984648991161976,1.0121970114513343,0.5123894603107377,0.05258306161094172,0.21109333322274654,1.3597029935721499,0.6610431688506869,0.09966865249116202,0.15660187698201536,0.5280744484263598,nope
1.193029668855075,0.7980557152315003,1.01914134426635,1.2578950989145123,0.32635881670676264,0.15660187698201536,0.13863973713415806,0.48957839485845095,0.11065722117389563,0.2648173299057889,1.3439974787410107,0.5404195002705843,0.16514867741462685,0.20401797959254858,1.446441332248136,0.6400881527617461,0.05549850524571683,0.14888994760949723,0.5667292175235062,nope
1.1875121790492111,0.8243395064944875,0.9638086627484886,1.2535300472730706,0.37239844667675426,0.21293834957939714,0.16514867741462685,0.5337081916392616,0.05549850524571683,0.27365932108209035,0.9827937232473289,0.47145995006090724,0.2860514417173182,0.200954263688097,1.3597029935721499,0.6435011087932844,0.1048769387302339,0.1343214419529685,0.4636476090008061,nope
1.2537405735857496,0.8408966686431653,1.1626472230398075,1.056876645796363,0.7022569315090069,0.6786624907483126,0.6375487981386928,0.9459100888793075,0.3805063771123649,0.28379410920832787,0.23923159996366058,0.5288815507531247,0.507098504392337,0.3858826693980738,0.2662520491509254,0.2587708919636976,0.628796286415433,0.21866894587394195,0.05258306161094172,nope
1.1525719972156676,0.943488134519134,1.0121970114513341,1.413568275818328,0.5807563535676704,0.5633162614919681,0.45333869585456277,0.8195728870136434,0.17467219900823971,0.22679884805388587,0.08550529367820464,0.5343954767544138,0.39234014421551583,0.08454375551299814,0.16910122600137703,0.025968187211556387,0.27365932108209035,0.03997868712329004,0.0570807824062646,nope
0.7853981633974484,1.01914134426635,0.5667292175235062,1.1169523252733864,0.798730706691594,0.6632029927060933,0.5729661428887062,1.089606657736688,0.3455555805817121,0.39234014421551583,0.348771003583907,0.24811344909667657,0.317458735254631,0.1460122577112754,0.540419500270584,0.27708753838662104,0.18534794999569476,0.4012287990048488,0.9048270894157866,nope
1.4327903031373779,1.4801364395941516,0.7568345055586883,0.19739555984988078,0.8198672643969561,0.47734538237367186,0.4048917862850834,1.1071487177940904,0.39852244566642026,0.5232783221319754,1.2120256565243246,0.01086913717727018,0.3497152903665077,0.4124104415973874,1.051650212548374,0.3009202343604251,0.18362232616928018,0.6435011087932844,1.272297395208717,nope
1.2490457723982544,0.29145679447786704,0.40024065703397416,1.1640492550689256,0.8991901705411565,0.6610431688506867,0.5456550545269918,1.2030078649041038,0.27490984148067255,0.4783524313786575,0.9272952180016123,0.16910122600137703,0.28330796437545425,0.2053953891897674,1.2490457723982544,0.3089307439237416,0.13552771398550073,0.49642275340488184,1.2036224929766772,nope
1.507389374828064,1.171280832795522,0.9475969968608307,1.4306946023982665,1.2036224929766772,0.8419416003422657,0.8238407534186364,1.2128624764126736,0.5667292175235064,0.9380474917927133,1.3734007669450161,1.056345013735869,0.10220671810725353,0.49394136891958124,0.19739555984988078,0.28330796437545425,0.1495597398737032,0.13255153229667402,1.165904540509813,nope
1.5395564933646282,1.3086764855294237,0.933247528656204,1.5395564933646282,1.199905037982234,0.8760580505981934,0.8042638494191191,1.1839206090638685,0.6705215579805492,0.9272952180016123,1.190289949682532,1.0549872413183745,0.07485984771076686,1.0768549578753155,0.2984989315861793,0.17467219900823971,0.0883767861448488,0.519146114246523,0.13255153229667402,nope
1.0899090465995611,0.5585993153435626,0.4636476090008061,0.12832322768579477,1.5108681716736871,1.231503712340852,1.051650212548374,1.4149281253965742,0.41689807040989385,0.4248321629193424,0.3320594675428855,0.6146629519221655,0.1131509815904845,1.1760052070951352,0.41012734054149097,0.4023210978604407,0.1343214419529685,0.8519663271732721,0.12435499454676145,nope
1.0729739941778955,0.5404195002705843,0.4266274931268761,0.19118445959701444,1.5499660067586793,1.2578950989145123,1.0934509444212246,1.4482254516753825,0.3851575063634741,0.388318718172466,0.3514447940035517,0.5944750050748631,0.10078099908466777,1.1071487177940904,0.3455555805817121,0.36120375549368167,0.11942892601833845,0.8288490587889792,0.15264932839526515,nope
1.0899090465995611,0.548549402450528,0.2984989315861793,0.20349304525756276,1.5083775167989388,1.2662854435927844,1.161888497843971,1.470415423711925,0.39194752546851275,0.3964412832184413,0.3514447940035517,0.5944750050748631,0.07937831455957349,1.0838970949836277,0.3217505543966422,0.33563855032760925,0.09559811866384037,0.7853981633974484,0.16514867741462685,nope
1.0729739941778955,0.5813801838048998,0.41012734054149097,0.17286060678714496,1.5096481641455952,1.2998494764564759,1.1493771199070923,1.4775424116901175,0.40328148171883615,0.388318718172466,0.3514447940035517,0.5992924464338856,0.08028681528301647,1.1525719972156678,0.372987721800061,0.2662520491509254,0.09691762779436304,0.9151007005533602,0.2053953891897674,nope
1.0899090465995611,0.6340227196634222,0.5763752205911836,0.07006058263845544,1.5108681716736871,1.2662854435927844,1.161888497843971,1.4711276743037347,0.4096461086248378,0.45471927482096935,0.4124104415973874,0.6247395135383866,0.08964671632148652,1.1071487177940904,0.372987721800061,0.36120375549368167,0.12102721980920501,0.7853981633974484,0.21406068356382152,nope
1.0729739941778955,0.6086893073274118,0.5247957716501073,0.15137544373402623,1.5308176396716056,1.2998494764564759,1.1466019188911296,1.4732052336415091,0.4417931655174437,0.4724969355170638,0.4266274931268761,0.6424117846054221,0.10945094914136341,1.1583858851975095,0.41012734054149097,0.34038193864190697,0.13082739607405697,0.9420000403794635,0.16514867741462685,nope
1.065506138695502,0.7483780475235183,0.6435011087932844,0.056278536288761956,1.4527042983758025,1.199905037982234,1.1071487177940904,1.414194449812882,0.5750722897323907,0.769006189089443,0.7216548508647612,0.8548514893927703,0.10427161192765531,0.08865588186743746,0.21109333322274654,0.23032173232245376,0.0798299857122373,0.07677189126977804,0.21866894587394195,nope
1.1232763516377267,0.6231993299340659,0.4636476090008061,0.016391974308005267,1.46185436980503,1.1309537439791606,1.0222469243443686,1.3626741223506902,0.7313966630214799,0.9827937232473292,1.0636978224025595,1.0676555853789393,0.15991312315821926,0.07393903765794034,0.1607627406258347,0.34048771397470473,0.1460122577112754,0.21406068356382152,0.5404195002705843,nope
1.1071487177940904,0.5807563535676704,0.3217505543966422,0.08314123188844123,1.446441332248136,1.1553042308540062,1.0303768265243125,1.3601325468103354,0.7205541358442416,0.9272952180016123,1.01914134426635,1.0432115942941291,0.15101534292135937,0.07532889082834011,0.16514867741462685,0.34081237012291116,0.13552771398550073,0.16514867741462685,0.6747409422235527,nope
1.0906212971913696,0.5532943253222926,0.3366748193867272,0.1464841783935612,1.46185436980503,1.1553042308540062,1.042721878368537,1.3721915776915454,0.6805212246672144,0.9440534255838495,1.060308004878121,1.0327521189692719,0.1494157099164678,0.09406123462798634,0.1920480172407301,0.3426534328422516,0.13352904909187144,0.13255153229667402,0.24497866312686414,nope
1.0743735733900146,0.4743998827919073,0.388318718172466,0.09966865249116202,1.5409544421277896,1.2924966677897853,1.129616846379916,1.4349914509539652,0.7483780475235183,0.9907935525872159,1.1383885512243588,1.08534531989439,0.14784936525875556,0.14981245657289735,0.3302973548292537,0.38970857134286574,0.10566558209985577,0.7853981633974484,0.4048917862850834,nope
1.1071487177940904,0.5611634122883522,0.41822432957922917,0.03224688243525392,1.5405025668761223,1.2662854435927844,1.0957855705297996,1.4219063791853992,0.747441718209134,0.9745971854974165,1.1705556697609223,1.0947269964721353,0.1494157099164678,0.14707835538840247,0.3392926144540447,0.3926885155652966,0.15499674192394097,0.3805063771123649,0.16514867741462685,nope
1.0671700306708005,0.6383198080090458,0.7419472680059174,0.05654343694481738,1.5395564933646282,1.2742505177251962,1.1626472230398075,1.479586687038209,0.6202494859828214,0.8238407534186364,0.9272952180016123,0.9391056924559273,0.1345979141604667,0.07130746478529033,0.1869792699189111,0.3301537179442892,0.18822150530477075,0.09065988720074511,1.3258176636680323,nope
1.2694511030847924,1.5172760583355807,1.0303768265243123,1.1718356690618725,1.0201207758826454,1.2722973952087173,1.3734007669450157,1.293297308131118,0.28123220191829523,0.28379410920832787,0.2587708919636976,0.4997764595135817,0.11291966075260258,0.10598435798959989,0.030293759918775105,0.3181534476090983,0.3529903878269105,0.3671738338182192,0.39852244566642026,nope
1.2610933822524406,1.5007357441564404,1.0056468867881374,1.1681416732430236,0.9912323415015735,1.2261490111768707,1.2847448850775787,1.252708759678489,0.2497747894212483,0.1746721990082397,0.21866894587394195,0.4475199751571699,0.08887417481310786,0.08314123188844123,0.11379200714370807,0.3097029445424562,0.3268266529299407,0.21109333322274654,0.24497866312686414,nope
1.241171919374154,1.4659193880646637,1.0269638704927744,1.1935472671525376,0.9588938923602298,1.2120256565243246,1.3258176636680323,1.2490457723982547,0.26714252086569534,0.23554498072086333,0.24497866312686414,0.47527499195719003,0.09065988720074511,0.04164257909858843,0.02856365783875999,0.28135075556326444,0.3320594675428855,0.3217505543966422,0.36397895650964407,nope
1.244826388155251,1.4784669920632973,1.0697829399913072,1.2003736415093211,1.0353767848582707,1.3684746984165934,1.4364748848419275,1.318785430785853,0.35730868300810004,0.388318718172466,0.4048917862850834,0.6098060014472682,0.010308913146243286,0.017542060057402487,0.043450895391530846,0.22756748741058416,0.05400150037596829,0.07677189126977804,0.2310906671958971,nope
1.2242574623609548,1.4263547484202526,1.0468769791096977,1.28977558607032,1.1441688336680205,1.4977557614917774,1.5232132235179119,1.3701434494750102,0.4431025549674059,0.7188299996216244,0.7665324773757775,0.823037282596837,0.05046217401685584,0.09804527729383924,0.08145204430587098,0.14816002073183138,0.09608871551736692,0.17219081452293902,0.07304056530311932,nope
1.2277723863741932,1.5350972141155732,1.0303768265243125,1.343228839384312,1.2670618409523098,1.5451609182732213,1.4016951007935192,1.4233038070068995,0.4461055489434036,0.9151007005533602,0.9272952180016123,0.9272952180016123,0.13056609479962775,0.12062366858010272,0.07827114052127797,0.10908900499998157,0.19739555984988075,0.20131710837464079,0.09275632018814374,nope
1.2610933822524406,1.5007357441564404,1.1425321739182417,1.4947527675157792,1.4031538889636814,1.4399689307208392,1.2772073393861472,1.5011417530663267,0.7684506335910434,1.1839206090638685,1.2490457723982544,1.1630115881175067,0.13888501552021304,0.15741687272659072,0.10598435798959989,0.0986371933417407,0.2086817623350266,0.25933174440068485,0.09275632018814374,nope
1.1410340476982082,1.060308004878121,1.4801364395941516,0.11710874456686428,1.207403193299666,1.1861916119726832,1.1174576309403335,1.4312596139915077,1.2998494764564759,1.0899090465995611,1.2870022175865687,1.5161632475555389,0.28123220191829523,0.47385133649476036,0.4241944079037666,0.0341747236161951,0.4768918676655352,0.29706421234104274,0.23860932250820097,nope
